requests,dow,is_weekend,week_of_year,month,is_holiday,is_school_break,promo_flag,noise_feature,t,trend
183,5,1,52,1,0,1,0,0.13251343514348632,1,0.0
220,6,1,52,1,0,1,0,0.22075983794627882,2,0.0009017132551848512
261,0,0,1,1,0,1,0,-0.911828876494789,3,0.0018034265103697023
276,1,0,1,1,0,1,0,-0.6409489965354924,4,0.002705139765554554
289,2,0,1,1,0,1,0,0.7925867232518442,5,0.0036068530207394047
297,3,0,1,1,0,0,0,0.34905626865098566,6,0.004508566275924256
187,4,0,1,1,0,0,1,-0.6802484366024778,7,0.005410279531109108
175,5,1,1,1,0,0,0,2.0398909593419425,8,0.0063119927862939585
203,6,1,1,1,0,0,0,2.309177648495082,9,0.007213706041478809
256,0,0,2,1,0,0,0,-1.4624624789603549,10,0.008115419296663661
271,1,0,2,1,0,0,0,0.30179496030034325,11,0.009017132551848512
290,2,0,2,1,0,0,0,2.5089944356323914,12,0.009918845807033363
247,3,0,2,1,0,0,0,0.7838986291848924,13,0.010820559062218215
211,4,0,2,1,0,0,0,0.22106014291254644,14,0.011722272317403066
183,5,1,2,1,0,0,0,-0.20805683335943306,15,0.012623985572587917
175,6,1,2,1,0,0,0,-0.5411942858767205,16,0.013525698827772768
215,0,0,3,1,1,0,0,-0.2125147026197359,17,0.014427412082957619
239,1,0,3,1,0,0,0,-0.5507294124081377,18,0.015329125338142471
271,2,0,3,1,0,0,0,0.7449083585580341,19,0.016230838593327322
225,3,0,3,1,0,0,0,-0.3981536526914417,20,0.017132551848512173
226,4,0,3,1,0,0,0,-0.4411515120100576,21,0.018034265103697024
173,5,1,3,1,0,0,0,-1.2021606868290806,22,0.018935978358881875
217,6,1,3,1,0,0,0,-0.04958987438030339,23,0.019837691614066726
270,0,0,4,1,0,0,1,-0.8941216734390032,24,0.020739404869251576
290,1,0,4,1,0,0,1,-0.1807501687290939,25,0.02164111812443643
250,2,0,4,1,0,0,0,1.0418155527215323,26,0.02254283137962128
266,3,0,4,1,0,0,0,0.3659248863111264,27,0.023444544634806132
224,4,0,4,1,0,0,0,0.5047252947854309,28,0.024346257889990983
112,5,1,4,1,0,0,0,0.35609089975780356,29,0.025247971145175834
143,6,1,4,1,0,0,0,0.0591757301914933,30,0.026149684400360685
211,0,0,5,1,0,0,0,-0.12732823067162988,31,0.027051397655545536
196,1,0,5,2,0,0,0,-0.30780621590166646,32,0.027953110910730387
200,2,0,5,2,0,0,1,0.759117008833072,33,0.028854824165915238
214,3,0,5,2,0,0,0,-1.0842398092882488,34,0.029756537421100092
177,4,0,5,2,0,0,0,1.3407225862255443,35,0.030658250676284943
170,5,1,5,2,0,0,0,0.03407806268481745,36,0.031559963931469794
180,6,1,5,2,0,0,0,-0.7487003905773738,37,0.032461677186654644
211,0,0,6,2,0,0,1,-0.48914607904001295,38,0.033363390441839495
230,1,0,6,2,0,0,0,-0.6769904011881117,39,0.034265103697024346
238,2,0,6,2,0,0,0,0.16020649902804115,40,0.0351668169522092
221,3,0,6,2,0,0,0,-0.7178430444883082,41,0.03606853020739405
201,4,0,6,2,0,0,0,1.1421311987837366,42,0.0369702434625789
178,5,1,6,2,0,0,0,-0.7816389926142432,43,0.03787195671776375
132,6,1,6,2,0,0,0,-2.272521930414174,44,0.0387736699729486
180,0,0,7,2,0,0,0,-0.730998492725895,45,0.03967538322813345
209,1,0,7,2,0,0,0,-2.0085211732996573,46,0.0405770964833183
228,2,0,7,2,0,0,0,-0.0398688505726567,47,0.04147880973850315
250,3,0,7,2,0,0,0,1.0591579783713116,48,0.04238052299368801
193,4,0,7,2,0,0,0,0.6477598002656734,49,0.04328223624887286
176,5,1,7,2,0,0,0,-1.3375895049472426,50,0.04418394950405771
161,6,1,7,2,0,0,0,-0.7622552815679994,51,0.04508566275924256
217,0,0,8,2,1,0,0,1.7786335355666851,52,0.045987376014427414
191,1,0,8,2,0,0,1,0.3185114087343339,53,0.046889089269612265
233,2,0,8,2,0,0,0,0.004118692634058828,54,0.047790802524797116
205,3,0,8,2,0,0,0,1.0560625611935577,55,0.04869251577998197
165,4,0,8,2,0,0,0,2.4527411254301583,56,0.04959422903516682
163,5,1,8,2,0,0,0,1.2965732775797387,57,0.05049594229035167
153,6,1,8,2,0,0,0,0.139415254770579,58,0.05139765554553652
226,0,0,9,2,0,0,0,0.3546881759848233,59,0.05229936880072137
239,1,0,9,3,0,0,0,0.6170797910982172,60,0.05320108205590622
193,2,0,9,3,0,0,0,-0.6126984965101239,61,0.05410279531109107
202,3,0,9,3,0,0,0,-1.0587194727174403,62,0.05500450856627592
194,4,0,9,3,0,0,0,0.05244908348938066,63,0.05590622182146077
174,5,1,9,3,0,0,0,-0.9472112294631205,64,0.056807935076645624
159,6,1,9,3,0,0,0,-0.06146241903506856,65,0.057709648331830475
285,0,0,10,3,0,0,0,0.0961230399920905,66,0.058611361587015326
238,1,0,10,3,0,0,0,2.341037321882936,67,0.059513074842200184
211,2,0,10,3,0,0,0,-0.8510499946565668,68,0.060414788097385035
195,3,0,10,3,0,1,0,-0.1217889319709347,69,0.061316501352569885
222,4,0,10,3,0,1,0,-0.1643028895845328,70,0.062218214607754736
108,5,1,10,3,0,1,0,0.4373105333753307,71,0.06311992786293959
123,6,1,10,3,0,1,0,1.0467243315836225,72,0.06402164111812443
216,0,0,11,3,0,1,0,-0.4904835016266552,73,0.06492335437330929
263,1,0,11,3,0,1,0,-0.8213520301050313,74,0.06582506762849413
237,2,0,11,3,0,1,0,-1.6407106159316551,75,0.06672678088367899
228,3,0,11,3,0,1,0,-0.9262044968028467,76,0.06762849413886383
225,4,0,11,3,0,0,0,0.5364408345765945,77,0.06853020739404869
166,5,1,11,3,0,0,0,0.045647041823202894,78,0.06943192064923355
164,6,1,11,3,0,0,0,-1.0154339949061588,79,0.0703336339044184
261,0,0,12,3,0,0,0,-0.3727674764848574,80,0.07123534715960325
244,1,0,12,3,0,0,0,0.0314729477902652,81,0.0721370604147881
245,2,0,12,3,0,0,0,0.5036789316089304,82,0.07303877366997295
199,3,0,12,3,0,0,0,-0.5933943528385258,83,0.0739404869251578
217,4,0,12,3,0,0,0,-0.2504400576578742,84,0.07484220018034266
174,5,1,12,3,0,0,0,-1.818434733340209,85,0.0757439134355275
132,6,1,12,3,0,0,0,-1.1513858022379435,86,0.07664562669071236
204,0,0,13,3,0,0,0,1.6177156581788448,87,0.0775473399458972
192,1,0,13,3,0,0,0,-2.1881406726948454,88,0.07844905320108206
214,2,0,13,3,0,0,0,-0.33780255263402675,89,0.0793507664562669
222,3,0,13,3,0,0,0,0.21919822934425529,90,0.08025247971145176
243,4,0,13,4,0,0,1,-0.3743492453270371,91,0.0811541929666366
150,5,1,13,4,0,0,0,-0.8081575233653976,92,0.08205590622182146
172,6,1,13,4,0,0,0,-0.061078532387332324,93,0.0829576194770063
220,0,0,14,4,0,0,0,-0.004965401502279523,94,0.08385933273219116
250,1,0,14,4,0,0,0,-0.08211740493189977,95,0.08476104598737602
237,2,0,14,4,0,0,0,-1.8777121211521157,96,0.08566275924256087
239,3,0,14,4,0,0,1,-0.14740362795539622,97,0.08656447249774572
225,4,0,14,4,0,0,0,-0.8551126902915559,98,0.08746618575293057
187,5,1,14,4,0,0,1,-0.5477358748135395,99,0.08836789900811542
167,6,1,14,4,0,0,0,0.22697476334145322,100,0.08926961226330027
221,0,0,15,4,0,0,0,0.6407287504805665,101,0.09017132551848513
209,1,0,15,4,0,0,0,0.8967773342418733,102,0.09107303877366997
212,2,0,15,4,0,0,0,-0.49641305697888843,103,0.09197475202885483
247,3,0,15,4,0,0,0,0.9240027767201172,104,0.09287646528403967
170,4,0,15,4,0,0,0,1.1737275326239913,105,0.09377817853922453
168,5,1,15,4,0,0,0,1.1366379245460594,106,0.09467989179440937
127,6,1,15,4,0,0,0,1.3897679388114335,107,0.09558160504959423
214,0,0,16,4,0,0,0,-0.1456825059189122,108,0.09648331830477908
230,1,0,16,4,0,0,0,-0.17413191507326234,109,0.09738503155996393
249,2,0,16,4,0,0,0,0.8250507793943487,110,0.09828674481514878
246,3,0,16,4,0,0,0,-1.3665243151280329,111,0.09918845807033363
219,4,0,16,4,0,0,0,0.20942904726834088,112,0.10009017132551848
180,5,1,16,4,0,0,0,-0.5305589921699142,113,0.10099188458070334
199,6,1,16,4,0,0,0,-0.3687890508614081,114,0.1018935978358882
313,0,0,17,4,0,0,1,-1.7415144478985787,115,0.10279531109107304
286,1,0,17,4,0,0,0,-0.8905443058032078,116,0.1036970243462579
279,2,0,17,4,0,0,0,-0.020493929457115093,117,0.10459873760144274
213,3,0,17,4,0,0,0,0.8884531740936087,118,0.1055004508566276
196,4,0,17,4,0,0,0,0.9900265894080504,119,0.10640216411181244
179,5,1,17,4,0,0,0,-0.08032647499591145,120,0.1073038773669973
150,6,1,17,5,0,0,1,-0.18928835722896975,121,0.10820559062218214
302,0,0,18,5,0,0,0,-0.8306791870163397,122,0.109107303877367
303,1,0,18,5,0,0,0,0.40235649697613907,123,0.11000901713255185
274,2,0,18,5,0,0,0,-0.2475780005075383,124,0.1109107303877367
291,3,0,18,5,0,0,0,0.605884539149004,125,0.11181244364292155
229,4,0,18,5,0,0,0,1.751686804125962,126,0.1127141568981064
145,5,1,18,5,0,0,0,-0.032374957261813664,127,0.11361587015329125
167,6,1,18,5,0,0,0,-1.4973544741740719,128,0.1145175834084761
304,0,0,19,5,0,0,0,-0.8608504430288475,129,0.11541929666366095
295,1,0,19,5,0,0,0,-1.4581474413366173,130,0.11632100991884581
301,2,0,19,5,0,0,0,-1.1971096894149784,131,0.11722272317403065
300,3,0,19,5,0,0,0,1.305270723485468,132,0.11812443642921551
282,4,0,19,5,0,0,0,0.2266595734584829,133,0.11902614968440037
223,5,1,19,5,0,0,0,-1.5201744315757593,134,0.11992786293958521
209,6,1,19,5,0,0,0,0.6536321660301218,135,0.12082957619477007
315,0,0,20,5,0,0,0,1.2603748740788823,136,0.12173128944995491
323,1,0,20,5,0,0,0,-0.359874557435862,137,0.12263300270513977
279,2,0,20,5,0,0,0,-0.6759908391368861,138,0.12353471596032461
288,3,0,20,5,0,0,0,-0.3373777124849492,139,0.12443642921550947
261,4,0,20,5,0,0,0,0.28460651025417144,140,0.12533814247069433
203,5,1,20,5,0,0,0,0.639970150256371,141,0.12623985572587917
230,6,1,20,5,0,0,0,1.1822168380402336,142,0.12714156898106402
345,0,0,21,5,0,0,0,1.2124782059131658,143,0.12804328223624886
305,1,0,21,5,0,0,0,1.1854038482269786,144,0.12894499549143373
284,2,0,21,5,0,0,0,1.361921431780073,145,0.12984670874661858
279,3,0,21,5,0,0,0,0.6613877898003535,146,0.13074842200180342
288,4,0,21,5,0,0,0,-1.5309066043319859,147,0.13165013525698827
182,5,1,21,5,0,0,0,-0.13096422951361827,148,0.13255184851217314
156,6,1,21,5,0,0,0,0.31392051262338433,149,0.13345356176735798
187,0,0,22,5,1,0,0,-0.38312626500769986,150,0.13435527502254282
373,1,0,22,5,0,0,0,0.9112608549019698,151,0.13525698827772767
341,2,0,22,6,0,0,0,-0.36021397218550477,152,0.13615870153291254
337,3,0,22,6,0,0,0,-0.92574702996371,153,0.13706041478809738
313,4,0,22,6,0,0,0,1.4442989994390623,154,0.13796212804328223
194,5,1,22,6,0,0,0,0.6660043098063377,155,0.1388638412984671
249,6,1,22,6,0,0,0,0.21925378420038097,156,0.13976555455365194
374,0,0,23,6,0,0,0,0.9267090914598398,157,0.1406672678088368
316,1,0,23,6,0,0,0,1.0625342393353856,158,0.14156898106402163
320,2,0,23,6,0,0,0,0.3410358109726957,159,0.1424706943192065
281,3,0,23,6,0,0,1,-2.457661418894294,160,0.14337240757439135
293,4,0,23,6,0,0,0,-0.6755894506677215,161,0.1442741208295762
211,5,1,23,6,0,0,0,-0.4565791295783091,162,0.14517583408476104
205,6,1,23,6,0,0,0,-0.9842008951131349,163,0.1460775473399459
411,0,0,24,6,0,0,0,0.19867743392031523,164,0.14697926059513075
339,1,0,24,6,0,0,0,1.1922021328513417,165,0.1478809738503156
310,2,0,24,6,0,0,0,-0.48490558520706833,166,0.14878268710550044
264,3,0,24,6,0,0,0,-1.1348326696708735,167,0.1496844003606853
259,4,0,24,6,0,0,0,2.0280348109104995,168,0.15058611361587015
145,5,1,24,6,0,0,0,-0.4514376060975332,169,0.151487826871055
174,6,1,24,6,0,0,0,-1.232964924713251,170,0.15238954012623984
248,0,0,25,6,1,0,0,0.23767724961845885,171,0.1532912533814247
312,1,0,25,6,0,0,0,0.42568258158953415,172,0.15419296663660956
286,2,0,25,6,0,0,0,-0.7050500896806735,173,0.1550946798917944
300,3,0,25,6,0,0,0,0.7904535745882663,174,0.15599639314697927
258,4,0,25,6,0,0,0,-0.4873194382866741,175,0.15689810640216412
168,5,1,25,6,0,0,0,-0.9229509153903888,176,0.15779981965734896
195,6,1,25,6,0,0,0,0.17859086852485911,177,0.1587015329125338
285,0,0,26,6,0,0,0,0.7707689771249504,178,0.15960324616771868
294,1,0,26,6,0,0,0,-0.6338514911946994,179,0.16050495942290352
310,2,0,26,6,0,0,0,0.3306255560142178,180,0.16140667267808836
289,3,0,26,6,0,0,0,-0.09349163940534987,181,0.1623083859332732
249,4,0,26,7,0,1,0,2.8244336497361435,182,0.16321009918845808
150,5,1,26,7,0,1,0,-0.7085596811630914,183,0.16411181244364292
152,6,1,26,7,0,1,0,1.3841716005395124,184,0.16501352569882777
138,0,0,27,7,1,1,0,-0.05234628843888603,185,0.1659152389540126
299,1,0,27,7,0,1,1,-0.12676200367229015,186,0.16681695220919748
322,2,0,27,7,0,1,1,0.7216651115364379,187,0.16771866546438233
322,3,0,27,7,0,1,1,0.8939905665405024,188,0.16862037871956717
265,4,0,27,7,0,1,0,1.2670156409533917,189,0.16952209197475204
250,5,1,27,7,0,1,0,0.3286517351351579,190,0.1704238052299369
201,6,1,27,7,0,1,0,-0.6003963897579253,191,0.17132551848512173
325,0,0,28,7,0,1,0,-0.5376461041840627,192,0.17222723174030657
291,1,0,28,7,0,1,1,0.5096531908833498,193,0.17312894499549145
325,2,0,28,7,0,1,0,0.5808998706077412,194,0.1740306582506763
347,3,0,28,7,0,1,0,1.3980509406964945,195,0.17493237150586113
307,4,0,28,7,0,1,0,0.4184304554186962,196,0.17583408476104598
233,5,1,28,7,0,1,1,1.0601682652577384,197,0.17673579801623085
191,6,1,28,7,0,1,0,1.5167710347839571,198,0.1776375112714157
347,0,0,29,7,0,1,0,0.16480054453110587,199,0.17853922452660054
378,1,0,29,7,0,1,0,-1.4855586515906856,200,0.17944093778178538
291,2,0,29,7,0,1,0,-1.17927708650058,201,0.18034265103697025
329,3,0,29,7,0,1,0,-1.4378028681905122,202,0.1812443642921551
282,4,0,29,7,0,1,0,1.5915903810140994,203,0.18214607754733994
190,5,1,29,7,0,1,0,-0.8474085948289408,204,0.18304779080252478
169,6,1,29,7,0,1,0,1.2318415654122892,205,0.18394950405770966
335,0,0,30,7,0,1,1,0.5857319115638746,206,0.1848512173128945
353,1,0,30,7,0,1,0,1.7152691268390476,207,0.18575293056807934
260,2,0,30,7,0,1,0,1.0030938194878394,208,0.18665464382326422
303,3,0,30,7,0,1,0,-0.10237026121340073,209,0.18755635707844906
285,4,0,30,7,0,1,1,-0.20003045039326856,210,0.1884580703336339
205,5,1,30,7,0,1,0,0.0851677199461466,211,0.18935978358881875
200,6,1,30,7,0,1,0,0.17526095189885732,212,0.19026149684400362
299,0,0,31,8,0,1,0,-0.5307436711234165,213,0.19116321009918846
315,1,0,31,8,0,1,0,-0.03262829758865476,214,0.1920649233543733
336,2,0,31,8,0,1,0,1.6093200620023946,215,0.19296663660955815
296,3,0,31,8,0,1,0,-1.7021383108256534,216,0.19386834986474302
293,4,0,31,8,0,1,0,0.258488139526861,217,0.19477006311992787
180,5,1,31,8,0,1,0,-0.9069528059807551,218,0.1956717763751127
197,6,1,31,8,0,1,0,0.18703708280488074,219,0.19657348963029755
324,0,0,32,8,0,1,0,0.8398557752082007,220,0.19747520288548243
338,1,0,32,8,0,1,0,-0.05761018045769089,221,0.19837691614066727
315,2,0,32,8,0,1,0,0.7729869198484017,222,0.1992786293958521
258,3,0,32,8,0,1,0,-1.5898394013841861,223,0.20018034265103696
275,4,0,32,8,0,1,0,1.1069891126654727,224,0.20108205590622183
194,5,1,32,8,0,1,0,-0.6031292426481158,225,0.20198376916140667
213,6,1,32,8,0,1,0,0.6224080697923652,226,0.20288548241659152
314,0,0,33,8,0,1,0,0.18244809597646958,227,0.2037871956717764
327,1,0,33,8,0,1,0,-2.585562179123786,228,0.20468890892696123
298,2,0,33,8,0,1,0,-0.7560641214702215,229,0.20559062218214608
249,3,0,33,8,0,1,0,0.22050836793540218,230,0.20649233543733092
300,4,0,33,8,0,1,0,1.5539760815691257,231,0.2073940486925158
172,5,1,33,8,0,1,0,0.2872682859036707,232,0.20829576194770064
190,6,1,33,8,0,1,0,0.25769587977073977,233,0.20919747520288548
341,0,0,34,8,0,1,0,-1.412684089629386,234,0.21009918845807032
311,1,0,34,8,0,1,0,1.4311466965234902,235,0.2110009017132552
264,2,0,34,8,0,1,1,1.8070769951881158,236,0.21190261496844004
236,3,0,34,8,0,1,0,0.02857504312397509,237,0.21280432822362488
255,4,0,34,8,0,1,0,-0.2197570482201158,238,0.21370604147880973
204,5,1,34,8,0,1,0,-1.6190497158096595,239,0.2146077547339946
189,6,1,34,8,0,1,0,0.8833210589564918,240,0.21550946798917944
298,0,0,35,8,0,1,0,2.7022793256924214,241,0.2164111812443643
310,1,0,35,8,0,1,0,0.7171130747864916,242,0.21731289449954913
260,2,0,35,8,0,1,0,1.2637035181531975,243,0.218214607754734
306,3,0,35,9,0,0,0,0.542087293708166,244,0.21911632100991885
280,4,0,35,9,0,0,0,-0.9850158865687554,245,0.2200180342651037
191,5,1,35,9,0,0,0,1.3366726310198633,246,0.22091974752028856
180,6,1,35,9,0,0,0,-1.2345748994697192,247,0.2218214607754734
189,0,0,36,9,1,0,0,-0.21066490566304208,248,0.22272317403065825
236,1,0,36,9,0,0,0,0.2788517450025256,249,0.2236248872858431
288,2,0,36,9,0,0,0,0.8829096607766574,250,0.22452660054102797
273,3,0,36,9,0,0,0,0.41598566543096366,251,0.2254283137962128
305,4,0,36,9,0,0,0,0.3868345008334123,252,0.22633002705139765
181,5,1,36,9,0,0,0,-0.7614880684287629,253,0.2272317403065825
162,6,1,36,9,0,0,0,-1.289371413960456,254,0.22813345356176737
324,0,0,37,9,0,0,0,0.061480668263211365,255,0.2290351668169522
259,1,0,37,9,0,0,0,-0.7101947772428983,256,0.22993688007213706
275,2,0,37,9,0,0,0,-1.3077856280692512,257,0.2308385933273219
270,3,0,37,9,0,0,0,-1.265946471501941,258,0.23174030658250677
238,4,0,37,9,0,0,0,-0.49012847417311295,259,0.23264201983769162
171,5,1,37,9,0,0,0,-1.852578860174007,260,0.23354373309287646
171,6,1,37,9,0,0,0,-1.3474687028443724,261,0.2344454463480613
283,0,0,38,9,0,0,0,-1.6351369290692526,262,0.23534715960324618
299,1,0,38,9,0,0,0,0.1822594637816633,263,0.23624887285843102
327,2,0,38,9,0,0,0,0.4079842295184183,264,0.23715058611361586
239,3,0,38,9,0,0,0,2.0071409631828265,265,0.23805229936880073
198,4,0,38,9,0,0,0,-1.4975297992323828,266,0.23895401262398558
157,5,1,38,9,0,0,0,-0.6795969589096627,267,0.23985572587917042
185,6,1,38,9,0,0,0,0.9126113893228037,268,0.24075743913435527
253,0,0,39,9,0,0,0,-0.2167738049889562,269,0.24165915238954014
259,1,0,39,9,0,0,0,-0.3269979387077995,270,0.24256086564472498
243,2,0,39,9,0,0,0,1.709169703339553,271,0.24346257889990983
265,3,0,39,9,0,0,0,-0.3384061595207278,272,0.24436429215509467
220,4,0,39,9,0,0,0,-1.1561948693340067,273,0.24526600541027954
179,5,1,39,10,0,0,0,-1.3169399598669396,274,0.24616771866546439
210,6,1,39,10,0,0,0,0.3356943223139325,275,0.24706943192064923
254,0,0,40,10,0,0,0,0.30524160340596707,276,0.24797114517583407
248,1,0,40,10,0,0,0,-1.3717023702861768,277,0.24887285843101895
241,2,0,40,10,0,0,0,-0.9853962577263109,278,0.2497745716862038
259,3,0,40,10,0,0,0,0.5347126378156121,279,0.25067628494138866
257,4,0,40,10,0,0,0,0.5772667725251409,280,0.2515779981965735
151,5,1,40,10,0,0,0,-0.6432220836039892,281,0.25247971145175835
150,6,1,40,10,0,0,0,0.6222162018519841,282,0.2533814247069432
198,0,0,41,10,1,0,0,0.5718545872905609,283,0.25428313796212804
252,1,0,41,10,0,0,0,-1.7830817487195436,284,0.2551848512173129
259,2,0,41,10,0,0,0,-0.3120637504487101,285,0.2560865644724977
215,3,0,41,10,0,0,0,0.41512559112112213,286,0.2569882777276826
216,4,0,41,10,0,0,0,-0.5730757021639871,287,0.25788999098286747
145,5,1,41,10,0,0,0,-2.138931868967707,288,0.2587917042380523
182,6,1,41,10,0,0,0,-0.2830147214661213,289,0.25969341749323716
294,0,0,42,10,0,0,0,0.7520931599414118,290,0.260595130748422
263,1,0,42,10,0,0,0,1.5804055858131327,291,0.26149684400360684
240,2,0,42,10,0,0,0,-2.190782661253991,292,0.2623985572587917
208,3,0,42,10,0,0,0,2.6133213455642696,293,0.26330027051397653
235,4,0,42,10,0,0,0,-1.1271363310292688,294,0.26420198376916143
155,5,1,42,10,0,0,0,0.9569708708011316,295,0.2651036970243463
161,6,1,42,10,0,0,0,1.2341980705343905,296,0.2660054102795311
211,0,0,43,10,0,0,0,0.9830173001338016,297,0.26690712353471596
245,1,0,43,10,0,0,0,0.14961847956037583,298,0.2678088367899008
272,2,0,43,10,0,0,0,-1.1614176626879231,299,0.26871055004508565
253,3,0,43,10,0,0,0,0.6265587879860715,300,0.2696122633002705
227,4,0,43,10,0,0,0,-0.7152331767755107,301,0.27051397655545534
179,5,1,43,10,0,0,0,-2.5226949434372874,302,0.27141568981064024
154,6,1,43,10,0,0,0,2.8288986337162725,303,0.2723174030658251
229,0,0,44,10,0,0,0,0.7081020219606693,304,0.2732191163210099
238,1,0,44,11,0,0,0,1.8180771284865394,305,0.27412082957619477
234,2,0,44,11,0,0,0,-0.9116228074944426,306,0.2750225428313796
248,3,0,44,11,0,0,0,1.4675028234118994,307,0.27592425608656446
219,4,0,44,11,0,0,0,1.5898691581489963,308,0.2768259693417493
130,5,1,44,11,0,0,1,1.5545495245011742,309,0.2777276825969342
167,6,1,44,11,0,0,0,-0.0212063332121524,310,0.27862939585211904
268,0,0,45,11,0,0,0,-1.2024620437425992,311,0.2795311091073039
167,1,0,45,11,0,0,0,-0.17731280686363585,312,0.28043282236248873
179,2,0,45,11,0,0,0,-2.2027691137666046,313,0.2813345356176736
235,3,0,45,11,0,0,0,-1.702012389403535,314,0.2822362488728584
174,4,0,45,11,1,0,0,0.09193878115026889,315,0.28313796212804326
164,5,1,45,11,0,0,0,-0.991398465768181,316,0.2840396753832281
136,6,1,45,11,0,0,0,-0.16444685545475027,317,0.284941388638413
247,0,0,46,11,0,0,0,-0.10899975140135905,318,0.28584310189359785
205,1,0,46,11,0,0,0,1.9307270485184007,319,0.2867448151487827
212,2,0,46,11,0,0,0,1.297626569750945,320,0.28764652840396754
174,3,0,46,11,0,0,0,-0.04487258416282581,321,0.2885482416591524
218,4,0,46,11,0,0,0,1.2088995341693431,322,0.2894499549143372
173,5,1,46,11,0,0,0,-0.7797131446903424,323,0.29035166816952207
110,6,1,46,11,0,0,0,-0.33689702409487016,324,0.29125338142470697
236,0,0,47,11,0,0,0,0.9102243101173967,325,0.2921550946798918
200,1,0,47,11,0,0,0,-1.2416605775709948,326,0.29305680793507666
177,2,0,47,11,0,0,0,-0.2789807283002251,327,0.2939585211902615
76,3,0,47,11,1,0,0,-1.3208458600880442,328,0.29486023444544635
98,4,0,47,11,0,0,0,0.11747240782797058,329,0.2957619477006312
129,5,1,47,11,0,0,0,1.6325157555894336,330,0.29666366095581603
139,6,1,47,11,0,0,0,-0.7520968891009723,331,0.2975653742110009
198,0,0,48,11,0,0,0,0.22587949591382886,332,0.2984670874661858
213,1,0,48,11,0,0,0,-0.8973219016364986,333,0.2993688007213706
185,2,0,48,11,0,0,0,-1.1495489432403887,334,0.30027051397655546
239,3,0,48,12,0,0,0,-1.235849520341746,335,0.3011722272317403
190,4,0,48,12,0,0,0,1.4547520814096038,336,0.30207394048692515
141,5,1,48,12,0,0,0,2.362435470617594,337,0.30297565374211
126,6,1,48,12,0,0,0,0.4830437053055756,338,0.30387736699729484
227,0,0,49,12,0,0,0,-0.7162929691373378,339,0.3047790802524797
205,1,0,49,12,0,0,1,0.7048916343431867,340,0.3056807935076646
231,2,0,49,12,0,0,0,-0.3343235263430333,341,0.3065825067628494
206,3,0,49,12,0,0,0,0.8013983475373727,342,0.30748422001803427
193,4,0,49,12,0,0,0,0.29099363819943935,343,0.3083859332732191
140,5,1,49,12,0,0,0,0.27970415085508915,344,0.30928764652840396
114,6,1,49,12,0,0,1,0.6072760593752837,345,0.3101893597835888
214,0,0,50,12,0,0,0,-0.5794936369771572,346,0.31109107303877365
210,1,0,50,12,0,0,0,-0.4043678231128611,347,0.31199278629395855
176,2,0,50,12,0,0,0,-1.7212455900539538,348,0.3128944995491434
206,3,0,50,12,0,0,0,-0.441869441453459,349,0.31379621280432823
179,4,0,50,12,0,0,0,-1.422332690064836,350,0.3146979260595131
137,5,1,50,12,0,0,0,-0.14468119903994156,351,0.3155996393146979
129,6,1,50,12,0,0,0,-0.9576309493862568,352,0.31650135256988277
192,0,0,51,12,0,0,1,0.10123442032130817,353,0.3174030658250676
188,1,0,51,12,0,1,0,0.45323930641573995,354,0.31830477908025245
170,2,0,51,12,0,1,0,-1.420122571064877,355,0.31920649233543735
187,3,0,51,12,0,1,0,-0.8132790942459649,356,0.3201082055906222
142,4,0,51,12,0,1,0,-0.9433119018353825,357,0.32100991884580704
113,5,1,51,12,0,1,0,0.7464934250784422,358,0.3219116321009919
83,6,1,51,12,0,1,0,1.7063620273868247,359,0.32281334535617673
135,0,0,52,12,1,1,0,0.8515366153697317,360,0.3237150586113616
242,1,0,52,12,0,1,0,-0.34941892769912597,361,0.3246167718665464
199,2,0,52,12,0,1,0,1.4650063896361285,362,0.3255184851217313
214,3,0,52,12,0,1,0,-1.5141077364412707,363,0.32642019837691616
167,4,0,52,12,0,1,0,1.4993580521280918,364,0.327321911632101
98,5,1,52,12,0,1,0,-0.6562142063018171,365,0.32822362488728585
113,6,1,52,1,0,1,0,-2.7802932151547175,366,0.3291253381424707
199,0,0,1,1,1,1,0,2.6508047390847573,367,0.33002705139765554
249,1,0,1,1,0,1,0,1.5780230743235615,368,0.3309287646528404
243,2,0,1,1,0,1,0,-1.0318837271201073,369,0.3318304779080252
264,3,0,1,1,0,1,0,0.16900864759315984,370,0.3327321911632101
238,4,0,1,1,0,0,0,-0.21449945225320038,371,0.33363390441839497
211,5,1,1,1,0,0,0,0.10222080329493188,372,0.3345356176735798
157,6,1,1,1,0,0,0,-1.4832864375412333,373,0.33543733092876465
225,0,0,2,1,0,0,0,-0.681493982666794,374,0.3363390441839495
193,1,0,2,1,0,0,0,0.46796128274761895,375,0.33724075743913434
220,2,0,2,1,0,0,0,0.2226961699555749,376,0.3381424706943192
215,3,0,2,1,0,0,0,1.1992385100066276,377,0.3390441839495041
239,4,0,2,1,0,0,0,0.07975025742709378,378,0.33994589720468893
161,5,1,2,1,0,0,0,2.3492216858979997,379,0.3408476104598738
121,6,1,2,1,0,0,0,-0.7157315571686473,380,0.3417493237150586
140,0,0,3,1,1,0,1,0.2593323919535436,381,0.34265103697024346
226,1,0,3,1,0,0,0,-1.916317895933467,382,0.3435527502254283
219,2,0,3,1,0,0,0,-1.2531331287645449,383,0.34445446348061315
176,3,0,3,1,0,0,0,1.3285259609313695,384,0.345356176735798
186,4,0,3,1,0,0,0,-0.9428027674786568,385,0.3462578899909829
159,5,1,3,1,0,0,0,0.5306751740014318,386,0.34715960324616774
127,6,1,3,1,0,0,0,-0.06177085735139875,387,0.3480613165013526
221,0,0,4,1,0,0,0,-1.0445489576875715,388,0.3489630297565374
218,1,0,4,1,0,0,0,-0.34824927418715956,389,0.34986474301172227
208,2,0,4,1,0,0,0,-0.5142336346467203,390,0.3507664562669071
222,3,0,4,1,0,0,0,-0.4873658684579376,391,0.35166816952209196
194,4,0,4,1,0,0,0,0.753608210927443,392,0.3525698827772768
173,5,1,4,1,0,0,0,0.6523445544165802,393,0.3534715960324617
174,6,1,4,1,0,0,0,-0.5774256966270559,394,0.35437330928764654
259,0,0,5,1,0,0,0,-0.907102803839221,395,0.3552750225428314
218,1,0,5,1,0,0,0,0.2823373345183147,396,0.35617673579801623
226,2,0,5,2,0,0,0,-0.10001541175059649,397,0.3570784490532011
232,3,0,5,2,0,0,0,1.0282824624497804,398,0.3579801623083859
182,4,0,5,2,0,0,0,2.655293570613392,399,0.35888187556357076
167,5,1,5,2,0,0,0,0.8429244344247891,400,0.35978358881875566
172,6,1,5,2,0,0,0,-0.034730271064206376,401,0.3606853020739405
249,0,0,6,2,0,0,0,-0.17204397087905782,402,0.36158701532912535
230,1,0,6,2,0,0,0,-0.8566941204641656,403,0.3624887285843102
214,2,0,6,2,0,0,0,-0.9066727843825847,404,0.36339044183949504
251,3,0,6,2,0,0,0,-1.003415510501075,405,0.3642921550946799
220,4,0,6,2,0,0,0,-0.39533517140537894,406,0.3651938683498647
162,5,1,6,2,0,0,0,-0.42714344576083985,407,0.36609558160504957
150,6,1,6,2,0,0,0,0.7437307065618273,408,0.36699729486023447
242,0,0,7,2,0,0,0,-0.39899901500045487,409,0.3678990081154193
214,1,0,7,2,0,0,0,-0.1974497164360777,410,0.36880072137060416
224,2,0,7,2,0,0,0,-1.2182740255558127,411,0.369702434625789
249,3,0,7,2,0,0,0,1.644575629197004,412,0.37060414788097384
240,4,0,7,2,0,0,0,0.5069864095865559,413,0.3715058611361587
155,5,1,7,2,0,0,0,1.7888731692239133,414,0.37240757439134353
184,6,1,7,2,0,0,0,0.7968857920360226,415,0.37330928764652843
203,0,0,8,2,1,0,0,1.489635951913291,416,0.3742110009017133
263,1,0,8,2,0,0,0,-0.24848752544496672,417,0.3751127141568981
245,2,0,8,2,0,0,0,0.7171608079569028,418,0.37601442741208296
255,3,0,8,2,0,0,0,2.705506369509455,419,0.3769161406672678
204,4,0,8,2,0,0,0,-1.2235344616058148,420,0.37781785392245265
154,5,1,8,2,0,0,0,1.1762689550642216,421,0.3787195671776375
142,6,1,8,2,0,0,0,1.6979442184119353,422,0.37962128043282234
250,0,0,9,2,0,0,0,0.4211275777094194,423,0.38052299368800724
205,1,0,9,2,0,0,0,0.7652124357168802,424,0.3814247069431921
223,2,0,9,3,0,0,1,1.279634467713052,425,0.3823264201983769
256,3,0,9,3,0,0,0,-0.6702951659654681,426,0.38322813345356177
231,4,0,9,3,0,0,0,0.4174117281438917,427,0.3841298467087466
177,5,1,9,3,0,0,0,-0.888004935618753,428,0.38503155996393146
184,6,1,9,3,0,0,0,-0.6912470413214244,429,0.3859332732191163
225,0,0,10,3,0,0,0,-0.6315627456115833,430,0.38683498647430115
206,1,0,10,3,0,0,0,-0.14626827269219284,431,0.38773669972948605
226,2,0,10,3,0,0,0,0.14977563848346317,432,0.3886384129846709
235,3,0,10,3,0,0,0,0.4630331670186004,433,0.38954012623985573
219,4,0,10,3,0,1,0,-1.4509086898153556,434,0.3904418394950406
156,5,1,10,3,0,1,0,2.0267754218405436,435,0.3913435527502254
174,6,1,10,3,0,1,1,1.183528956756262,436,0.39224526600541026
234,0,0,11,3,0,1,0,0.7435627693927573,437,0.3931469792605951
205,1,0,11,3,0,1,0,-0.36653039160670736,438,0.39404869251578
210,2,0,11,3,0,1,0,-0.09130666673423081,439,0.39495040577096485
220,3,0,11,3,0,1,0,0.5611664206332558,440,0.3958521190261497
213,4,0,11,3,0,1,0,0.42143998639528435,441,0.39675383228133454
166,5,1,11,3,0,0,0,-1.7210624380768245,442,0.3976555455365194
159,6,1,11,3,0,0,0,0.7592792642700629,443,0.3985572587917042
261,0,0,12,3,0,0,0,2.9882475884033077,444,0.39945897204688907
233,1,0,12,3,0,0,0,-1.8932899501520968,445,0.4003606853020739
196,2,0,12,3,0,0,0,1.019677621634092,446,0.4012623985572588
269,3,0,12,3,0,0,0,0.37850197507595706,447,0.40216411181244366
233,4,0,12,3,0,0,0,-0.11441521971153995,448,0.4030658250676285
134,5,1,12,3,0,0,0,1.4070157400223116,449,0.40396753832281335
165,6,1,12,3,0,0,0,-1.213596313080212,450,0.4048692515779982
229,0,0,13,3,0,0,0,0.16709499277851292,451,0.40577096483318303
238,1,0,13,3,0,0,0,1.5019546519282645,452,0.4066726780883679
251,2,0,13,3,0,0,0,-0.2020985448325452,453,0.4075743913435528
224,3,0,13,3,0,0,0,-0.42926303302657054,454,0.4084761045987376
233,4,0,13,3,0,0,0,0.11797722239794746,455,0.40937781785392247
131,5,1,13,4,0,0,0,-0.45675534800482764,456,0.4102795311091073
121,6,1,13,4,0,0,0,1.5891687302935997,457,0.41118124436429215
232,0,0,14,4,0,0,0,-0.931847773671157,458,0.412082957619477
238,1,0,14,4,0,0,0,0.8969312703305735,459,0.41298467087466184
226,2,0,14,4,0,0,0,-1.286683799566433,460,0.4138863841298467
264,3,0,14,4,0,0,0,0.6875724027218497,461,0.4147880973850316
181,4,0,14,4,0,0,0,-0.10779946957536914,462,0.41568981064021643
164,5,1,14,4,0,0,0,-2.65516197132188,463,0.4165915238954013
123,6,1,14,4,0,0,0,-0.006143153353732409,464,0.4174932371505861
273,0,0,15,4,0,0,0,-1.0967837412742523,465,0.41839495040577096
242,1,0,15,4,0,0,0,-0.45678151259372246,466,0.4192966636609558
289,2,0,15,4,0,0,0,1.581551798649239,467,0.42019837691614065
288,3,0,15,4,0,0,0,-1.1485810870406674,468,0.4211000901713255
280,4,0,15,4,0,0,0,-1.0899504257265902,469,0.4220018034265104
220,5,1,15,4,0,0,0,1.4808828568718004,470,0.42290351668169524
210,6,1,15,4,0,0,1,0.11919692046819659,471,0.4238052299368801
316,0,0,16,4,0,0,0,1.5847309175915665,472,0.4247069431920649
299,1,0,16,4,0,0,0,0.33260737411589053,473,0.42560865644724977
252,2,0,16,4,0,0,0,-0.90706467160641,474,0.4265103697024346
233,3,0,16,4,0,0,0,-0.06816737185530974,475,0.42741208295761945
230,4,0,16,4,0,0,0,1.2641284304472291,476,0.42831379621280435
172,5,1,16,4,0,0,0,0.9675052248511342,477,0.4292155094679892
200,6,1,16,4,0,0,0,0.0009115320758069846,478,0.43011722272317404
324,0,0,17,4,0,0,0,0.05014367071243192,479,0.4310189359783589
278,1,0,17,4,0,0,0,-0.11570044011517851,480,0.43192064923354373
304,2,0,17,4,0,0,0,-0.5946671712463415,481,0.4328223624887286
255,3,0,17,4,0,0,0,1.9858797493751439,482,0.4337240757439134
230,4,0,17,4,0,0,0,0.007393170164879609,483,0.43462578899909826
133,5,1,17,4,0,0,0,-1.1629091187923692,484,0.43552750225428316
168,6,1,17,4,0,0,0,-0.49041754861728876,485,0.436429215509468
271,0,0,18,5,0,0,0,0.7468198607642406,486,0.43733092876465285
251,1,0,18,5,0,0,0,0.6595594318782978,487,0.4382326420198377
309,2,0,18,5,0,0,0,-0.14099903467320576,488,0.43913435527502254
276,3,0,18,5,0,0,0,-0.6872569566347936,489,0.4400360685302074
270,4,0,18,5,0,0,0,0.024582120939776186,490,0.4409377817853922
175,5,1,18,5,0,0,0,-1.7206875500530123,491,0.4418394950405771
211,6,1,18,5,0,0,0,-1.3384432150414223,492,0.44274120829576197
346,0,0,19,5,0,0,0,0.821399594139533,493,0.4436429215509468
305,1,0,19,5,0,0,0,-0.4927687948123542,494,0.44454463480613166
300,2,0,19,5,0,0,0,0.385483933892715,495,0.4454463480613165
278,3,0,19,5,0,0,0,1.252592533070883,496,0.44634806131650134
239,4,0,19,5,0,0,0,0.6679124924998421,497,0.4472497745716862
212,5,1,19,5,0,0,0,0.021189653318113826,498,0.44815148782687103
153,6,1,19,5,0,0,0,2.187981864530712,499,0.44905320108205593
301,0,0,20,5,0,0,0,0.6864987964126616,500,0.4499549143372408
258,1,0,20,5,0,0,0,-0.36446034394198246,501,0.4508566275924256
242,2,0,20,5,0,0,0,0.7526967264568842,502,0.45175834084761046
232,3,0,20,5,0,0,0,0.419346493896769,503,0.4526600541027953
254,4,0,20,5,0,0,0,-0.8799859722813214,504,0.45356176735798015
137,5,1,20,5,0,0,0,0.07501520407748195,505,0.454463480613165
189,6,1,20,5,0,0,0,-0.16962420039136794,506,0.45536519386834984
292,0,0,21,5,0,0,0,-2.0215523437034415,507,0.45626690712353474
276,1,0,21,5,0,0,0,-0.17725145727058092,508,0.4571686203787196
281,2,0,21,5,0,0,0,-0.29105534618990875,509,0.4580703336339044
251,3,0,21,5,0,0,0,-0.45063933502457765,510,0.45897204688908927
249,4,0,21,5,0,0,0,-1.691096798191634,511,0.4598737601442741
145,5,1,21,5,0,0,0,-0.3646500182510735,512,0.46077547339945896
181,6,1,21,5,0,0,1,-0.04080209072452791,513,0.4616771866546438
145,0,0,22,5,1,0,0,0.10479554070860274,514,0.4625788999098287
269,1,0,22,5,0,0,0,-1.1673596004573077,515,0.46348061316501354
266,2,0,22,5,0,0,0,0.6502266590909276,516,0.4643823264201984
251,3,0,22,6,0,0,0,-1.2496713584632424,517,0.46528403967538323
267,4,0,22,6,0,0,0,-0.23004121509448516,518,0.4661857529305681
140,5,1,22,6,0,0,0,1.341658720456726,519,0.4670874661857529
169,6,1,22,6,0,0,0,-0.7117573020089456,520,0.46798917944093776
322,0,0,23,6,0,0,0,-0.5250016779687878,521,0.4688908926961226
300,1,0,23,6,0,0,0,1.1033530773375757,522,0.4697926059513075
261,2,0,23,6,0,0,0,-0.3947134948174819,523,0.47069431920649235
246,3,0,23,6,0,0,0,-0.3052563851455138,524,0.4715960324616772
246,4,0,23,6,0,0,0,0.22735868500971498,525,0.47249774571686204
155,5,1,23,6,0,0,0,1.0784191064946678,526,0.4733994589720469
165,6,1,23,6,0,0,0,-2.2646259109564686,527,0.4743011722272317
275,0,0,24,6,0,0,0,-0.8511711525341055,528,0.47520288548241657
274,1,0,24,6,0,0,0,-1.0349134408139684,529,0.47610459873760147
266,2,0,24,6,0,0,0,-1.1144134810834543,530,0.4770063119927863
231,3,0,24,6,0,0,0,-0.8777834753447102,531,0.47790802524797116
241,4,0,24,6,0,0,0,-0.8615483089052315,532,0.478809738503156
159,5,1,24,6,0,0,0,0.3092160512002342,533,0.47971145175834085
175,6,1,24,6,0,0,0,-0.9121276954716766,534,0.4806131650135257
243,0,0,25,6,1,0,0,0.12558427796144458,535,0.48151487826871053
303,1,0,25,6,0,0,0,0.41142057487189804,536,0.4824165915238954
307,2,0,25,6,0,0,0,-0.7480531806818757,537,0.4833183047790803
288,3,0,25,6,0,0,0,0.1338761754133952,538,0.4842200180342651
267,4,0,25,6,0,0,0,1.6775191154460816,539,0.48512173128944996
209,5,1,25,6,0,0,0,0.33005396421210825,540,0.4860234445446348
209,6,1,25,6,0,0,0,-0.6529794238599105,541,0.48692515779981965
321,0,0,26,6,0,0,0,-0.06652061107914677,542,0.4878268710550045
290,1,0,26,6,0,0,0,-0.9379420327921617,543,0.48872858431018934
337,2,0,26,6,0,0,0,0.27713621736140426,544,0.4896302975653742
308,3,0,26,6,0,0,0,0.8824491394473416,545,0.4905320108205591
273,4,0,26,6,0,0,0,-0.8379442947522655,546,0.4914337240757439
226,5,1,26,7,0,1,0,-0.21394383528031954,547,0.49233543733092877
184,6,1,26,7,0,1,0,1.1372961410537146,548,0.4932371505861136
281,0,0,27,7,0,1,0,-0.5084857091926813,549,0.49413886384129846
182,1,0,27,7,1,1,0,0.19210250301024473,550,0.4950405770964833
317,2,0,27,7,0,1,0,-1.046130800054778,551,0.49594229035166815
318,3,0,27,7,0,1,0,-0.8367857772429679,552,0.49684400360685305
258,4,0,27,7,0,1,0,-0.52346318956414,553,0.4977457168620379
223,5,1,27,7,0,1,0,2.176320023214294,554,0.49864743011722273
215,6,1,27,7,0,1,0,-0.40905014133652295,555,0.4995491433724076
335,0,0,28,7,0,1,0,-0.5299586860696227,556,0.5004508566275925
317,1,0,28,7,0,1,0,-0.563193528477139,557,0.5013525698827773
317,2,0,28,7,0,1,1,-0.16560235405827292,558,0.5022542831379622
315,3,0,28,7,0,1,0,0.6559301183529251,559,0.503155996393147
296,4,0,28,7,0,1,0,0.18949043700352977,560,0.5040577096483319
211,5,1,28,7,0,1,0,2.0578146747003956,561,0.5049594229035167
210,6,1,28,7,0,1,1,0.21379444673291043,562,0.5058611361587015
329,0,0,29,7,0,1,0,1.4474041493565695,563,0.5067628494138864
312,1,0,29,7,0,1,0,0.2767111160248597,564,0.5076645626690712
334,2,0,29,7,0,1,0,0.6055814984474479,565,0.5085662759242561
330,3,0,29,7,0,1,0,-1.4435999397133137,566,0.5094679891794409
280,4,0,29,7,0,1,0,-0.12705944813917863,567,0.5103697024346258
197,5,1,29,7,0,1,0,-0.06894774062879866,568,0.5112714156898106
223,6,1,29,7,0,1,0,-0.24295700689747154,569,0.5121731289449954
358,0,0,30,7,0,1,0,-2.152878627190867,570,0.5130748422001803
325,1,0,30,7,0,1,0,0.8806244618726567,571,0.5139765554553652
371,2,0,30,7,0,1,0,-0.3871503296821815,572,0.5148782687105501
306,3,0,30,7,0,1,0,-0.4380713222463156,573,0.5157799819657349
313,4,0,30,7,0,1,0,-0.25517146104015803,574,0.5166816952209198
220,5,1,30,7,0,1,0,-0.22807918887443684,575,0.5175834084761046
210,6,1,30,7,0,1,1,0.40709842078875075,576,0.5184851217312895
395,0,0,31,7,0,1,0,-1.2710322515652643,577,0.5193868349864743
328,1,0,31,8,0,1,0,-0.9310420569169968,578,0.5202885482416592
302,2,0,31,8,0,1,0,0.2906332958993996,579,0.521190261496844
289,3,0,31,8,0,1,0,0.1455828113203634,580,0.5220919747520288
287,4,0,31,8,0,1,0,-0.37665480890873254,581,0.5229936880072137
204,5,1,31,8,0,1,0,-0.5739124056409823,582,0.5238954012623985
220,6,1,31,8,0,1,0,-0.8344247031699268,583,0.5247971145175834
291,0,0,32,8,0,1,0,-0.0583551638956689,584,0.5256988277727682
277,1,0,32,8,0,1,1,1.1807324731914441,585,0.5266005410279531
329,2,0,32,8,0,1,0,-1.0580507513790518,586,0.527502254283138
279,3,0,32,8,0,1,0,1.5233180466501626,587,0.5284039675383229
304,4,0,32,8,0,1,0,0.8439814653804283,588,0.5293056807935077
211,5,1,32,8,0,1,0,-0.45296373730993883,589,0.5302073940486925
245,6,1,32,8,0,1,0,0.7830748754630861,590,0.5311091073038774
348,0,0,33,8,0,1,0,-1.4659034168620872,591,0.5320108205590622
342,1,0,33,8,0,1,0,-1.7315749451612408,592,0.5329125338142471
357,2,0,33,8,0,1,0,-1.2897822561511796,593,0.5338142470694319
351,3,0,33,8,0,1,0,-0.4097464653141918,594,0.5347159603246168
296,4,0,33,8,0,1,0,-0.3254099689496813,595,0.5356176735798016
191,5,1,33,8,0,1,0,-0.51514241714267,596,0.5365193868349865
243,6,1,33,8,0,1,1,0.09942269056475599,597,0.5374211000901713
341,0,0,34,8,0,1,0,-2.1351539077186805,598,0.5383228133453561
281,1,0,34,8,0,1,0,0.4953494063515442,599,0.539224526600541
319,2,0,34,8,0,1,0,-1.4193005788923314,600,0.5401262398557258
275,3,0,34,8,0,1,0,-0.6608506052253199,601,0.5410279531109107
271,4,0,34,8,0,1,0,-0.4128504662929992,602,0.5419296663660956
182,5,1,34,8,0,1,0,-1.156210636742483,603,0.5428313796212805
243,6,1,34,8,0,1,0,-1.3709996686375883,604,0.5437330928764653
348,0,0,35,8,0,1,0,-1.0060816652143074,605,0.5446348061316502
336,1,0,35,8,0,1,0,-0.0119236421411786,606,0.545536519386835
291,2,0,35,8,0,1,0,0.5899821790594377,607,0.5464382326420198
314,3,0,35,8,0,1,0,0.5642351777039467,608,0.5473399458972047
235,4,0,35,9,0,0,0,-0.9944910382704913,609,0.5482416591523895
194,5,1,35,9,0,0,0,-0.791577148211955,610,0.5491433724075744
180,6,1,35,9,0,0,0,-0.9206031646499282,611,0.5500450856627592
242,0,0,36,9,1,0,0,0.44981231209647754,612,0.5509467989179441
342,1,0,36,9,0,0,0,-2.037420180518552,613,0.5518485121731289
318,2,0,36,9,0,0,0,1.2383392605822288,614,0.5527502254283138
333,3,0,36,9,0,0,1,-0.48480487528966326,615,0.5536519386834986
304,4,0,36,9,0,0,0,-0.7835248638003831,616,0.5545536519386834
218,5,1,36,9,0,0,0,0.3394537959075636,617,0.5554553651938684
221,6,1,36,9,0,0,0,1.0326190551063525,618,0.5563570784490532
315,0,0,37,9,0,0,0,0.34258325688492597,619,0.5572587917042381
361,1,0,37,9,0,0,0,1.0527444573186129,620,0.5581605049594229
299,2,0,37,9,0,0,0,0.13435881665376626,621,0.5590622182146078
331,3,0,37,9,0,0,0,1.2296386057077333,622,0.5599639314697926
274,4,0,37,9,0,0,0,1.245160038618696,623,0.5608656447249775
180,5,1,37,9,0,0,0,-0.09947878933206503,624,0.5617673579801623
232,6,1,37,9,0,0,0,1.4392058879269531,625,0.5626690712353472
265,0,0,38,9,0,0,0,0.16473370131349793,626,0.563570784490532
335,1,0,38,9,0,0,0,0.08689322030202752,627,0.5644724977457168
315,2,0,38,9,0,0,0,-0.9214736704473936,628,0.5653742110009017
320,3,0,38,9,0,0,0,-0.28878000578719426,629,0.5662759242560865
285,4,0,38,9,0,0,1,0.7775827458435827,630,0.5671776375112714
146,5,1,38,9,0,0,0,-1.3126469097364055,631,0.5680793507664562
177,6,1,38,9,0,0,0,0.6496240093252744,632,0.5689810640216412
224,0,0,39,9,0,0,0,0.34861595126946426,633,0.569882777276826
284,1,0,39,9,0,0,0,0.2775614162501203,634,0.5707844905320109
272,2,0,39,9,0,0,0,-2.2064921954239676,635,0.5716862037871957
277,3,0,39,9,0,0,0,-0.1032429196345987,636,0.5725879170423805
208,4,0,39,9,0,0,0,0.648260007690957,637,0.5734896302975654
157,5,1,39,9,0,0,0,-0.7629549569181814,638,0.5743913435527502
191,6,1,39,10,0,0,0,0.090306699097783,639,0.5752930568079351
347,0,0,40,10,0,0,0,-2.3780732690682194,640,0.5761947700631199
343,1,0,40,10,0,0,0,0.6713930362884684,641,0.5770964833183048
284,2,0,40,10,0,0,0,-0.6624328096757435,642,0.5779981965734896
300,3,0,40,10,0,0,0,0.8713569475667259,643,0.5788999098286745
257,4,0,40,10,0,0,0,-1.8427862759322255,644,0.5798016230838593
177,5,1,40,10,0,0,0,0.692267388325644,645,0.5807033363390441
151,6,1,40,10,0,0,0,-0.2369392876523166,646,0.581605049594229
262,0,0,41,10,1,0,0,0.8076037976689606,647,0.5825067628494139
260,1,0,41,10,0,0,0,-0.9257097871121,648,0.5834084761045988
295,2,0,41,10,0,0,1,-0.6184570247432196,649,0.5843101893597836
241,3,0,41,10,0,0,0,2.242451344822542,650,0.5852119026149685
232,4,0,41,10,0,0,0,-0.8299521504372301,651,0.5861136158701533
133,5,1,41,10,0,0,0,-0.7060272074078802,652,0.5870153291253382
169,6,1,41,10,0,0,0,-0.2765820371650829,653,0.587917042380523
263,0,0,42,10,0,0,0,-1.0225587258203659,654,0.5888187556357078
291,1,0,42,10,0,0,0,1.1904567863502933,655,0.5897204688908927
244,2,0,42,10,0,0,0,1.7250133142042525,656,0.5906221821460775
235,3,0,42,10,0,0,0,-0.7041060665833361,657,0.5915238954012624
196,4,0,42,10,0,0,0,-1.7260321790132926,658,0.5924256086564472
162,5,1,42,10,0,0,0,1.1719773029907548,659,0.5933273219116321
161,6,1,42,10,0,0,0,1.1083905117917274,660,0.5942290351668169
223,0,0,43,10,0,0,0,0.8216591921785865,661,0.5951307484220018
240,1,0,43,10,0,0,0,1.1565114347489136,662,0.5960324616771867
268,2,0,43,10,0,0,0,-0.8675252658238027,663,0.5969341749323716
232,3,0,43,10,0,0,0,-0.1684964086719397,664,0.5978358881875564
221,4,0,43,10,0,0,0,-1.3841096043405485,665,0.5987376014427412
140,5,1,43,10,0,0,0,-1.4181628295858129,666,0.5996393146979261
96,6,1,43,10,0,0,0,0.981101307269532,667,0.6005410279531109
293,0,0,44,10,0,0,0,-0.6719132624431084,668,0.6014427412082958
240,1,0,44,10,0,0,0,2.2795715940200587,669,0.6023444544634806
247,2,0,44,11,0,0,0,0.07418010998257193,670,0.6032461677186655
230,3,0,44,11,0,0,0,-0.6404248152337142,671,0.6041478809738503
230,4,0,44,11,0,0,0,0.7978852037063576,672,0.6050495942290351
164,5,1,44,11,0,0,0,1.8012623575993727,673,0.60595130748422
180,6,1,44,11,0,0,0,0.48613095942514734,674,0.6068530207394048
276,0,0,45,11,0,0,0,-1.2171451707936498,675,0.6077547339945897
236,1,0,45,11,0,0,0,0.37100280188506274,676,0.6086564472497745
238,2,0,45,11,0,0,0,1.3755980610667298,677,0.6095581605049594
209,3,0,45,11,0,0,0,-0.4932409490262948,678,0.6104598737601443
219,4,0,45,11,1,0,0,-0.7736419574112767,679,0.6113615870153292
163,5,1,45,11,0,0,0,1.016447911362902,680,0.612263300270514
146,6,1,45,11,0,0,1,0.13996774050198107,681,0.6131650135256989
248,0,0,46,11,0,0,0,-1.1025421026827413,682,0.6140667267808837
205,1,0,46,11,0,0,0,-0.37974660158154183,683,0.6149684400360685
258,2,0,46,11,0,0,0,-0.7556624909659566,684,0.6158701532912534
254,3,0,46,11,0,0,0,0.29626866487042075,685,0.6167718665464382
230,4,0,46,11,0,0,0,0.10968451349353867,686,0.6176735798016231
173,5,1,46,11,0,0,0,1.1504470430602267,687,0.6185752930568079
170,6,1,46,11,0,0,0,0.7096650419812458,688,0.6194770063119928
270,0,0,47,11,0,0,0,-1.5635339940293727,689,0.6203787195671776
199,1,0,47,11,0,0,0,0.4069905314552761,690,0.6212804328223624
235,2,0,47,11,0,0,0,0.8969323196734048,691,0.6221821460775473
93,3,0,47,11,1,0,1,0.45587926703288406,692,0.6230838593327321
132,4,0,47,11,0,0,0,1.030059659279482,693,0.6239855725879171
151,5,1,47,11,0,0,0,-0.54957699267009,694,0.6248872858431019
161,6,1,47,11,0,0,0,-0.9508318272858517,695,0.6257889990982868
206,0,0,48,11,0,0,0,0.9300700252424973,696,0.6266907123534716
193,1,0,48,11,0,0,0,-1.0654646714857103,697,0.6275924256086565
229,2,0,48,11,0,0,0,-2.159537532777703,698,0.6284941388638413
207,3,0,48,11,0,0,0,1.0252999446570168,699,0.6293958521190262
210,4,0,48,12,0,0,0,-0.7241849256687074,700,0.630297565374211
188,5,1,48,12,0,0,0,-0.306066201009667,701,0.6311992786293958
140,6,1,48,12,0,0,0,-1.3979793482304121,702,0.6321009918845807
194,0,0,49,12,0,0,0,-1.325527587005121,703,0.6330027051397655
200,1,0,49,12,0,0,0,-1.156588841975608,704,0.6339044183949504
260,2,0,49,12,0,0,0,-0.3606498517318112,705,0.6348061316501352
208,3,0,49,12,0,0,0,0.3699990761559306,706,0.6357078449053201
218,4,0,49,12,0,0,0,-2.2978112157574073,707,0.6366095581605049
142,5,1,49,12,0,0,0,0.7521731746180224,708,0.6375112714156899
161,6,1,49,12,0,0,0,-1.181998162788601,709,0.6384129846708747
228,0,0,50,12,0,0,0,-1.0663117579540622,710,0.6393146979260595
213,1,0,50,12,0,0,0,0.6778553880749938,711,0.6402164111812444
241,2,0,50,12,0,0,0,-0.07463393251439393,712,0.6411181244364292
213,3,0,50,12,0,0,0,-1.536433786240688,713,0.6420198376916141
205,4,0,50,12,0,0,0,1.8445926872343728,714,0.6429215509467989
155,5,1,50,12,0,0,0,-0.860621604940783,715,0.6438232642019838
143,6,1,50,12,0,0,0,0.24731595194748676,716,0.6447249774571686
225,0,0,51,12,0,0,0,0.19989034860785518,717,0.6456266907123535
214,1,0,51,12,0,0,0,1.4113271618631944,718,0.6465284039675383
217,2,0,51,12,0,1,0,-0.45566883544588754,719,0.6474301172227231
187,3,0,51,12,0,1,0,1.0080896843825944,720,0.648331830477908
190,4,0,51,12,0,1,0,-0.7418895223181268,721,0.6492335437330928
148,5,1,51,12,0,1,0,1.122128858502219,722,0.6501352569882777
112,6,1,51,12,0,1,0,-0.7629846295818387,723,0.6510369702434626
105,0,0,52,12,1,1,0,-0.3622090986144956,724,0.6519386834986475
207,1,0,52,12,0,1,0,1.895966547899031,725,0.6528403967538323
213,2,0,52,12,0,1,0,0.31697138811833864,726,0.6537421100090172
215,3,0,52,12,0,1,0,0.10975897270269167,727,0.654643823264202
217,4,0,52,12,0,1,0,2.242049275012055,728,0.6555455365193869
168,5,1,52,12,0,1,1,0.36135667403348204,729,0.6564472497745717
131,6,1,52,12,0,1,0,-0.8161373077286054,730,0.6573489630297565
146,0,0,1,1,1,1,0,0.7346279982945126,731,0.6582506762849414
241,1,0,1,1,0,1,0,-1.1816809170080982,732,0.6591523895401262
217,2,0,1,1,0,1,0,1.1283165387439176,733,0.6600541027953111
232,3,0,1,1,0,1,0,1.2059777598201684,734,0.6609558160504959
184,4,0,1,1,0,1,0,-0.5729591785412275,735,0.6618575293056808
165,5,1,1,1,0,0,0,-0.6279018492838488,736,0.6627592425608656
136,6,1,1,1,0,0,0,0.17650426235091057,737,0.6636609558160504
247,0,0,2,1,0,0,0,0.01415515177896439,738,0.6645626690712354
224,1,0,2,1,0,0,0,-0.9776876168663451,739,0.6654643823264202
248,2,0,2,1,0,0,0,0.5680878663188149,740,0.6663660955816051
255,3,0,2,1,0,0,0,-2.04187569626381,741,0.6672678088367899
221,4,0,2,1,0,0,0,-0.43285945825707295,742,0.6681695220919748
153,5,1,2,1,0,0,0,-0.4039409648569437,743,0.6690712353471596
162,6,1,2,1,0,0,0,-0.27326555152247795,744,0.6699729486023445
244,0,0,3,1,1,0,0,0.30722390537572075,745,0.6708746618575293
206,1,0,3,1,0,0,0,-1.2280224264191328,746,0.6717763751127142
191,2,0,3,1,0,0,0,0.588515083235814,747,0.672678088367899
240,3,0,3,1,0,0,1,-0.18015401532168407,748,0.6735798016230838
200,4,0,3,1,0,0,0,-0.6502161118136258,749,0.6744815148782687
115,5,1,3,1,0,0,0,-1.3668261344956103,750,0.6753832281334535
164,6,1,3,1,0,0,0,-1.183109271732618,751,0.6762849413886384
235,0,0,4,1,0,0,0,0.3603247720292538,752,0.6771866546438232
211,1,0,4,1,0,0,0,-0.9638491095421181,753,0.6780883678990082
233,2,0,4,1,0,0,0,0.06419869785194916,754,0.678990081154193
234,3,0,4,1,0,0,0,1.0619829547581245,755,0.6798917944093779
226,4,0,4,1,0,0,0,1.0326426153462447,756,0.6807935076645627
205,5,1,4,1,0,0,1,1.560396960762825,757,0.6816952209197475
176,6,1,4,1,0,0,0,-0.2962933235178116,758,0.6825969341749324
294,0,0,5,1,0,0,0,-1.0851490718187962,759,0.6834986474301172
226,1,0,5,1,0,0,0,1.0205255103878337,760,0.6844003606853021
241,2,0,5,1,0,0,0,0.3096038505045697,761,0.6853020739404869
275,3,0,5,2,0,0,0,1.1239506500774197,762,0.6862037871956718
240,4,0,5,2,0,0,0,0.011056071054014804,763,0.6871055004508566
166,5,1,5,2,0,0,1,1.1956460244626361,764,0.6880072137060415
162,6,1,5,2,0,0,0,0.8463874200542665,765,0.6889089269612263
240,0,0,6,2,0,0,0,0.7164209034176229,766,0.6898106402164111
210,1,0,6,2,0,0,0,0.5035228777965483,767,0.690712353471596
246,2,0,6,2,0,0,0,0.3976990125291121,768,0.6916140667267808
229,3,0,6,2,0,0,0,0.23303580701466686,769,0.6925157799819658
198,4,0,6,2,0,0,0,0.2259062395290506,770,0.6934174932371506
200,5,1,6,2,0,0,0,0.9901945955597038,771,0.6943192064923355
158,6,1,6,2,0,0,0,-0.5119796739109453,772,0.6952209197475203
283,0,0,7,2,0,0,0,1.7356851360938104,773,0.6961226330027052
188,1,0,7,2,0,0,0,-0.10624254535920759,774,0.69702434625789
202,2,0,7,2,0,0,0,0.9853821950888337,775,0.6979260595130748
229,3,0,7,2,0,0,0,-0.090241187788843,776,0.6988277727682597
192,4,0,7,2,0,0,0,-0.24666599543029064,777,0.6997294860234445
142,5,1,7,2,0,0,0,2.03224148573078,778,0.7006311992786294
144,6,1,7,2,0,0,0,-0.30934478520137687,779,0.7015329125338142
200,0,0,8,2,1,0,0,-1.2772167626756437,780,0.7024346257889991
217,1,0,8,2,0,0,0,-0.7140821590207356,781,0.7033363390441839
226,2,0,8,2,0,0,0,-0.31722795350820043,782,0.7042380522993688
232,3,0,8,2,0,0,0,2.155191852717776,783,0.7051397655545536
266,4,0,8,2,0,0,0,0.2067559322063145,784,0.7060414788097386
155,5,1,8,2,0,0,0,0.9347133997992969,785,0.7069431920649234
165,6,1,8,2,0,0,0,-1.0015999568800835,786,0.7078449053201082
230,0,0,9,2,0,0,0,0.3526082897611467,787,0.7087466185752931
249,1,0,9,2,0,0,0,0.6714783483964631,788,0.7096483318304779
263,2,0,9,2,0,0,0,1.8016269554643518,789,0.7105500450856628
223,3,0,9,2,0,0,0,-0.6962704483239791,790,0.7114517583408476
231,4,0,9,3,0,0,0,0.603489462693844,791,0.7123534715960325
169,5,1,9,3,0,0,1,0.3025839084533273,792,0.7132551848512173
186,6,1,9,3,0,0,0,-1.0217147105319773,793,0.7141568981064021
258,0,0,10,3,0,0,0,-0.01945623558618069,794,0.715058611361587
245,1,0,10,3,0,0,0,-0.2634749095363905,795,0.7159603246167718
251,2,0,10,3,0,0,0,-2.325365425946784,796,0.7168620378719567
248,3,0,10,3,0,0,0,0.5986691243822296,797,0.7177637511271415
247,4,0,10,3,0,0,0,0.5402434197435296,798,0.7186654643823264
159,5,1,10,3,0,0,0,-0.43893479399601976,799,0.7195671776375113
161,6,1,10,3,0,1,0,-1.3385619446146981,800,0.7204688908926962
210,0,0,11,3,0,1,0,1.4798808671326216,801,0.721370604147881
217,1,0,11,3,0,1,0,0.2659992873937966,802,0.7222723174030659
270,2,0,11,3,0,1,0,1.0167012940116213,803,0.7231740306582507
253,3,0,11,3,0,1,0,1.4103217967020154,804,0.7240757439134355
274,4,0,11,3,0,1,0,-0.5209067843230216,805,0.7249774571686204
185,5,1,11,3,0,1,0,0.8121545326407661,806,0.7258791704238052
171,6,1,11,3,0,1,0,-0.24114901367011132,807,0.7267808836789901
222,0,0,12,3,0,0,0,-0.0625486414998812,808,0.7276825969341749
236,1,0,12,3,0,0,0,-0.08561561663868582,809,0.7285843101893598
234,2,0,12,3,0,0,0,-0.001318932455036746,810,0.7294860234445446
204,3,0,12,3,0,0,0,1.1139601996293393,811,0.7303877366997295
238,4,0,12,3,0,0,0,0.1238275310286112,812,0.7312894499549143
111,5,1,12,3,0,0,0,-0.15373274805809609,813,0.7321911632100991
156,6,1,12,3,0,0,0,-0.2765372315166119,814,0.7330928764652841
217,0,0,13,3,0,0,0,0.3413141492052006,815,0.7339945897204689
250,1,0,13,3,0,0,0,-0.8948680633079112,816,0.7348963029756538
225,2,0,13,3,0,0,0,-0.5026584305499648,817,0.7357980162308386
216,3,0,13,3,0,0,0,-0.05228058110725458,818,0.7366997294860235
205,4,0,13,3,0,0,0,-0.5658483122083673,819,0.7376014427412083
156,5,1,13,3,0,0,0,-0.11847615293687452,820,0.7385031559963932
160,6,1,13,3,0,0,0,-0.6107768629190053,821,0.739404869251578
285,0,0,14,4,0,0,0,2.003957779028972,822,0.7403065825067628
235,1,0,14,4,0,0,0,1.3290607406478436,823,0.7412082957619477
218,2,0,14,4,0,0,0,0.4499521630644412,824,0.7421100090171325
270,3,0,14,4,0,0,0,-0.05361851813886299,825,0.7430117222723174
221,4,0,14,4,0,0,0,2.190764162799211,826,0.7439134355275022
156,5,1,14,4,0,0,0,0.32295290807362015,827,0.7448151487826871
163,6,1,14,4,0,0,0,-0.08684550786885926,828,0.7457168620378719
264,0,0,15,4,0,0,0,0.3031263768184579,829,0.7466185752930569
271,1,0,15,4,0,0,0,0.30594320641191736,830,0.7475202885482417
271,2,0,15,4,0,0,0,1.4103177064837282,831,0.7484220018034266
270,3,0,15,4,0,0,0,-0.01896469248392837,832,0.7493237150586114
240,4,0,15,4,0,0,0,2.0993248240572515,833,0.7502254283137962
198,5,1,15,4,0,0,0,-0.8820212600017167,834,0.7511271415689811
199,6,1,15,4,0,0,0,0.6940502169188439,835,0.7520288548241659
319,0,0,16,4,0,0,0,-1.0018267766478062,836,0.7529305680793508
336,1,0,16,4,0,0,0,1.8171009566239644,837,0.7538322813345356
298,2,0,16,4,0,0,0,-0.3305654388931757,838,0.7547339945897205
264,3,0,16,4,0,0,0,-0.05818927181241474,839,0.7556357078449053
298,4,0,16,4,0,0,0,0.9242369063025212,840,0.7565374211000901
202,5,1,16,4,0,0,1,1.2553406840282206,841,0.757439134355275
188,6,1,16,4,0,0,0,-1.1118768365882965,842,0.7583408476104598
289,0,0,17,4,0,0,0,-0.34615899164152814,843,0.7592425608656447
265,1,0,17,4,0,0,0,-1.3949232727997696,844,0.7601442741208295
254,2,0,17,4,0,0,0,0.1373051513755207,845,0.7610459873760145
262,3,0,17,4,0,0,0,-0.10137253514133092,846,0.7619477006311993
269,4,0,17,4,0,0,0,-0.34893402275956487,847,0.7628494138863842
222,5,1,17,4,0,0,0,-0.6844613389006098,848,0.763751127141569
213,6,1,17,4,0,0,0,-0.38590646384786503,849,0.7646528403967539
326,0,0,18,4,0,0,0,-0.7463953387304489,850,0.7655545536519387
286,1,0,18,4,0,0,0,0.5289618420261225,851,0.7664562669071235
301,2,0,18,5,0,0,0,1.5159500472046956,852,0.7673579801623084
326,3,0,18,5,0,0,0,-1.9307241085690185,853,0.7682596934174932
314,4,0,18,5,0,0,0,-0.11596751607143968,854,0.7691614066726781
224,5,1,18,5,0,0,0,-0.4181717740941033,855,0.7700631199278629
196,6,1,18,5,0,0,0,0.49236858850129617,856,0.7709648331830478
353,0,0,19,5,0,0,0,-0.9517670173437138,857,0.7718665464382326
318,1,0,19,5,0,0,0,-0.1464358306927738,858,0.7727682596934174
296,2,0,19,5,0,0,0,-1.0395921824785033,859,0.7736699729486023
317,3,0,19,5,0,0,1,0.6966978434727916,860,0.7745716862037872
252,4,0,19,5,0,0,0,0.09927462995829231,861,0.7754733994589721
231,5,1,19,5,0,0,0,-0.16147456556353149,862,0.7763751127141569
165,6,1,19,5,0,0,0,0.37018792901034814,863,0.7772768259693418
287,0,0,20,5,0,0,0,-0.24648330463094242,864,0.7781785392245266
359,1,0,20,5,0,0,0,-1.5538209829768286,865,0.7790802524797115
307,2,0,20,5,0,0,1,0.595730409933268,866,0.7799819657348963
330,3,0,20,5,0,0,1,0.28827017045747005,867,0.7808836789900812
326,4,0,20,5,0,0,0,-0.15407960154487466,868,0.781785392245266
225,5,1,20,5,0,0,0,0.9849249306335561,869,0.7826871055004508
271,6,1,20,5,0,0,0,1.218495549791886,870,0.7835888187556357
347,0,0,21,5,0,0,0,-1.0922826341215208,871,0.7844905320108205
321,1,0,21,5,0,0,0,-0.7810760719852001,872,0.7853922452660054
365,2,0,21,5,0,0,1,1.5472850957678503,873,0.7862939585211902
331,3,0,21,5,0,0,0,1.4188518665913126,874,0.7871956717763751
284,4,0,21,5,0,0,0,-0.7383931285860975,875,0.78809738503156
225,5,1,21,5,0,0,0,-1.1807100522366516,876,0.7889990982867449
195,6,1,21,5,0,0,0,-0.6375675537359791,877,0.7899008115419297
208,0,0,22,5,1,0,1,-0.4981164068176124,878,0.7908025247971145
410,1,0,22,5,0,0,0,-1.5840658318867207,879,0.7917042380522994
342,2,0,22,5,0,0,0,0.0311672527492588,880,0.7926059513074842
308,3,0,22,5,0,0,0,-1.2801789097415188,881,0.7935076645626691
288,4,0,22,5,0,0,0,-1.2103896500415234,882,0.7944093778178539
236,5,1,22,6,0,0,0,0.9161064222661041,883,0.7953110910730388
297,6,1,22,6,0,0,0,-0.6831892754807607,884,0.7962128043282236
350,0,0,23,6,0,0,1,-0.07147118211444801,885,0.7971145175834085
325,1,0,23,6,0,0,0,0.6290963556756982,886,0.7980162308385933
354,2,0,23,6,0,0,1,0.8132240720912229,887,0.7989179440937781
352,3,0,23,6,0,0,0,-0.33702012879276,888,0.799819657348963
333,4,0,23,6,0,0,0,0.04411747865460111,889,0.8007213706041478
226,5,1,23,6,0,0,0,-0.8254059893947533,890,0.8016230838593328
210,6,1,23,6,0,0,0,1.7473796964590198,891,0.8025247971145176
369,0,0,24,6,0,0,0,0.6499498177631488,892,0.8034265103697025
328,1,0,24,6,0,0,0,-1.1032397799260316,893,0.8043282236248873
303,2,0,24,6,0,0,0,0.00405796885634217,894,0.8052299368800722
336,3,0,24,6,0,0,0,0.7135516873594568,895,0.806131650135257
331,4,0,24,6,0,0,0,0.4794109665687367,896,0.8070333633904418
220,5,1,24,6,0,0,0,1.8291701180403968,897,0.8079350766456267
206,6,1,24,6,0,0,0,1.3723191131834143,898,0.8088367899008115
323,0,0,25,6,0,0,0,-0.5393064578265229,899,0.8097385031559964
299,1,0,25,6,0,0,0,-0.08918050046226211,900,0.8106402164111812
292,2,0,25,6,1,0,0,-1.2815413929761867,901,0.8115419296663661
291,3,0,25,6,0,0,0,0.24945298288944406,902,0.8124436429215509
281,4,0,25,6,0,0,0,0.15102105954633643,903,0.8133453561767358
222,5,1,25,6,0,0,0,2.7034828626190395,904,0.8142470694319206
218,6,1,25,6,0,0,0,0.09757510420961348,905,0.8151487826871056
347,0,0,26,6,0,0,0,-2.0932523806510894,906,0.8160504959422904
317,1,0,26,6,0,0,1,-0.6720864867045588,907,0.8169522091974752
303,2,0,26,6,0,0,0,0.11234921152507354,908,0.8178539224526601
315,3,0,26,6,0,0,0,-1.2560152925928039,909,0.8187556357078449
264,4,0,26,6,0,0,0,-0.8672076840515678,910,0.8196573489630298
179,5,1,26,6,0,0,0,-0.36563580822810365,911,0.8205590622182146
200,6,1,26,6,0,0,0,0.34181163446561236,912,0.8214607754733995
305,0,0,27,7,0,1,0,-0.16534201121228373,913,0.8223624887285843
308,1,0,27,7,0,1,0,-0.8892324874469353,914,0.8232642019837692
302,2,0,27,7,0,1,0,0.7876812344951233,915,0.824165915238954
166,3,0,27,7,1,1,1,-0.5396374495245412,916,0.8250676284941388
254,4,0,27,7,0,1,0,-0.49930884341177034,917,0.8259693417493237
199,5,1,27,7,0,1,0,-1.3796515919512848,918,0.8268710550045085
223,6,1,27,7,0,1,0,-0.7860157415618623,919,0.8277727682596934
339,0,0,28,7,0,1,0,0.6517715958851541,920,0.8286744815148782
379,1,0,28,7,0,1,0,-1.6176551585337526,921,0.8295761947700632
316,2,0,28,7,0,1,0,-0.07117369463371082,922,0.830477908025248
352,3,0,28,7,0,1,0,0.7177250232748813,923,0.8313796212804329
278,4,0,28,7,0,1,1,-0.3771086071282543,924,0.8322813345356177
209,5,1,28,7,0,1,0,0.23979051840496315,925,0.8331830477908025
232,6,1,28,7,0,1,0,-1.1167940113829253,926,0.8340847610459874
365,0,0,29,7,0,1,0,1.3102779021847437,927,0.8349864743011722
313,1,0,29,7,0,1,0,1.1010503361027648,928,0.8358881875563571
305,2,0,29,7,0,1,0,0.2354990831833189,929,0.8367899008115419
335,3,0,29,7,0,1,0,-1.7550788599159177,930,0.8376916140667268
289,4,0,29,7,0,1,0,-1.0459623376970644,931,0.8385933273219116
232,5,1,29,7,0,1,0,0.9767030619313426,932,0.8394950405770965
208,6,1,29,7,0,1,0,1.7131210902787024,933,0.8403967538322813
336,0,0,30,7,0,1,0,0.2966154399850014,934,0.8412984670874661
342,1,0,30,7,0,1,0,1.247318934035698,935,0.842200180342651
374,2,0,30,7,0,1,1,-0.6077617034215402,936,0.8431018935978359
362,3,0,30,7,0,1,0,-0.18938715661090497,937,0.8440036068530208
298,4,0,30,7,0,1,0,0.001147903563308692,938,0.8449053201082056
235,5,1,30,7,0,1,1,0.42309675373499933,939,0.8458070333633905
231,6,1,30,7,0,1,0,-1.5288095904449193,940,0.8467087466185753
397,0,0,31,7,0,1,0,0.9406668425382941,941,0.8476104598737602
346,1,0,31,7,0,1,0,1.3225466443667953,942,0.848512173128945
332,2,0,31,7,0,1,0,-1.148735148839963,943,0.8494138863841298
325,3,0,31,8,0,1,0,-1.3553396712598527,944,0.8503155996393147
334,4,0,31,8,0,1,0,0.3505601146176193,945,0.8512173128944995
192,5,1,31,8,0,1,0,-0.654311906112452,946,0.8521190261496844
198,6,1,31,8,0,1,0,-2.3708296825978823,947,0.8530207394048692
369,0,0,32,8,0,1,0,0.8085835160253632,948,0.8539224526600541
310,1,0,32,8,0,1,0,0.15559441690102901,949,0.8548241659152389
298,2,0,32,8,0,1,0,-0.47664699780784253,950,0.8557258791704238
263,3,0,32,8,0,1,0,2.113444292710736,951,0.8566275924256087
307,4,0,32,8,0,1,0,0.13890425167965942,952,0.8575293056807936
177,5,1,32,8,0,1,0,-0.7534300603052011,953,0.8584310189359784
227,6,1,32,8,0,1,1,0.1011518121003468,954,0.8593327321911632
307,0,0,33,8,0,1,0,-1.040069267430892,955,0.8602344454463481
316,1,0,33,8,0,1,0,-0.7617067740407445,956,0.8611361587015329
326,2,0,33,8,0,1,0,0.3863628021251846,957,0.8620378719567178
341,3,0,33,8,0,1,0,-0.5541982062122524,958,0.8629395852119026
265,4,0,33,8,0,1,0,-0.45097407397023326,959,0.8638412984670875
205,5,1,33,8,0,1,1,1.6689448608407815,960,0.8647430117222723
200,6,1,33,8,0,1,0,0.8596487831863843,961,0.8656447249774571
374,0,0,34,8,0,1,0,0.8028258201068199,962,0.866546438232642
316,1,0,34,8,0,1,1,0.5288167021982181,963,0.8674481514878268
314,2,0,34,8,0,1,0,0.4842015617241953,964,0.8683498647430117
275,3,0,34,8,0,1,1,1.4565848989071413,965,0.8692515779981965
294,4,0,34,8,0,1,0,-0.01954598597516107,966,0.8701532912533815
204,5,1,34,8,0,1,0,1.8555141248997793,967,0.8710550045085663
211,6,1,34,8,0,1,0,-0.9514016679623094,968,0.8719567177637512
361,0,0,35,8,0,1,0,-0.2550376877212449,969,0.872858431018936
373,1,0,35,8,0,1,0,-1.3785963613758874,970,0.8737601442741209
364,2,0,35,8,0,1,0,-0.34377301969294316,971,0.8746618575293057
312,3,0,35,8,0,1,0,0.518442432954403,972,0.8755635707844905
296,4,0,35,8,0,1,0,1.4512468892251833,973,0.8764652840396754
216,5,1,35,8,0,1,0,-0.6633275381969044,974,0.8773669972948602
230,6,1,35,9,0,0,0,0.005304473599095792,975,0.8782687105500451
224,0,0,36,9,1,0,0,-0.3592103998349385,976,0.8791704238052299
336,1,0,36,9,0,0,0,-0.7385999407848944,977,0.8800721370604148
286,2,0,36,9,0,0,0,-1.1893794535473297,978,0.8809738503155996
327,3,0,36,9,0,0,0,0.06066116530180276,979,0.8818755635707844
296,4,0,36,9,0,0,0,-1.73206500043516,980,0.8827772768259693
228,5,1,36,9,0,0,0,0.11054315082449953,981,0.8836789900811542
237,6,1,36,9,0,0,0,0.020951935487753776,982,0.8845807033363391
359,0,0,37,9,0,0,0,-0.6577502989238833,983,0.8854824165915239
298,1,0,37,9,0,0,1,-1.0109035699099629,984,0.8863841298467088
281,2,0,37,9,0,0,0,-1.3843072816090523,985,0.8872858431018936
323,3,0,37,9,0,0,0,1.8713284109777402,986,0.8881875563570785
309,4,0,37,9,0,0,0,-1.3419720641888278,987,0.8890892696122633
199,5,1,37,9,0,0,0,1.5577023595501258,988,0.8899909828674482
197,6,1,37,9,0,0,0,0.6001647598675174,989,0.890892696122633
335,0,0,38,9,0,0,0,-0.36402096828488034,990,0.8917944093778178
277,1,0,38,9,0,0,0,-1.157076843721668,991,0.8926961226330027
360,2,0,38,9,0,0,0,1.0424934968599848,992,0.8935978358881875
341,3,0,38,9,0,0,0,1.7296511967420785,993,0.8944995491433724
283,4,0,38,9,0,0,0,-0.9340244088098164,994,0.8954012623985572
221,5,1,38,9,0,0,0,-0.2987452058804305,995,0.8963029756537421
211,6,1,38,9,0,0,0,1.0516237647937112,996,0.8972046889089269
332,0,0,39,9,0,0,0,0.3357833600268427,997,0.8981064021641119
297,1,0,39,9,0,0,0,1.9999609561561535,998,0.8990081154192967
317,2,0,39,9,0,0,0,-0.5701444494713449,999,0.8999098286744815
280,3,0,39,9,0,0,0,0.5422912083695101,1000,0.9008115419296664
290,4,0,39,9,0,0,0,-1.2509279699416667,1001,0.9017132551848512
164,5,1,39,9,0,0,0,2.0958917304990465,1002,0.9026149684400361
191,6,1,39,9,0,0,0,-0.7303408122882539,1003,0.9035166816952209
327,0,0,40,9,0,0,0,-2.2079670292951987,1004,0.9044183949504058
264,1,0,40,10,0,0,0,-0.12576402125962838,1005,0.9053201082055906
327,2,0,40,10,0,0,0,-0.13943062111332058,1006,0.9062218214607755
277,3,0,40,10,0,0,0,1.9155715125617905,1007,0.9071235347159603
263,4,0,40,10,0,0,0,-0.33881964538374293,1008,0.9080252479711451
190,5,1,40,10,0,0,0,-0.01264374414209581,1009,0.90892696122633
215,6,1,40,10,0,0,0,0.5934388719127812,1010,0.9098286744815148
294,0,0,41,10,0,0,0,1.5862706831094824,1011,0.9107303877366997
271,1,0,41,10,0,0,0,-0.0632296144127968,1012,0.9116321009918846
256,2,0,41,10,0,0,1,1.039477893587884,1013,0.9125338142470695
282,3,0,41,10,0,0,0,0.5180845880609816,1014,0.9134355275022543
231,4,0,41,10,0,0,0,-0.2962353347619622,1015,0.9143372407574392
174,5,1,41,10,0,0,0,0.07755444199107894,1016,0.915238954012624
212,6,1,41,10,0,0,0,0.028673878856744103,1017,0.9161406672678089
238,0,0,42,10,1,0,0,-0.9160246357175322,1018,0.9170423805229937
235,1,0,42,10,0,0,0,1.2136807544460992,1019,0.9179440937781785
262,2,0,42,10,0,0,0,-1.3856202526681707,1020,0.9188458070333634
248,3,0,42,10,0,0,0,1.1711689225508208,1021,0.9197475202885482
261,4,0,42,10,0,0,0,0.9544193291245788,1022,0.9206492335437331
185,5,1,42,10,0,0,0,-0.09304925807986311,1023,0.9215509467989179
205,6,1,42,10,0,0,0,-0.7654443474737392,1024,0.9224526600541028
290,0,0,43,10,0,0,0,-0.22642508566190292,1025,0.9233543733092876
316,1,0,43,10,0,0,0,0.4727746579951957,1026,0.9242560865644724
255,2,0,43,10,0,0,0,0.7430584393639317,1027,0.9251577998196574
271,3,0,43,10,0,0,0,0.28691896353982915,1028,0.9260595130748422
216,4,0,43,10,0,0,0,0.9921363361408199,1029,0.9269612263300271
150,5,1,43,10,0,0,0,-0.5574345720274693,1030,0.9278629395852119
184,6,1,43,10,0,0,0,0.23457639850002474,1031,0.9287646528403968
279,0,0,44,10,0,0,0,-1.5683458108694515,1032,0.9296663660955816
248,1,0,44,10,0,0,0,0.7636266588374009,1033,0.9305680793507665
282,2,0,44,10,0,0,0,0.1531762519515866,1034,0.9314697926059513
243,3,0,44,10,0,0,0,-0.41557417717472683,1035,0.9323715058611362
250,4,0,44,11,0,0,0,1.1615424187192482,1036,0.933273219116321
169,5,1,44,11,0,0,1,0.6915261487965072,1037,0.9341749323715058
182,6,1,44,11,0,0,0,-2.8163942417440673,1038,0.9350766456266907
302,0,0,45,11,0,0,0,0.03988324826736079,1039,0.9359783588818755
227,1,0,45,11,0,0,1,-1.4550239967277863,1040,0.9368800721370604
235,2,0,45,11,0,0,0,1.0666598744683562,1041,0.9377817853922452
281,3,0,45,11,0,0,0,2.489074822904817,1042,0.9386834986474302
247,4,0,45,11,0,0,0,-0.5185335107153436,1043,0.939585211902615
216,5,1,45,11,0,0,0,0.0745791525019294,1044,0.9404869251577999
189,6,1,45,11,0,0,0,-0.25103357390859743,1045,0.9413886384129847
236,0,0,46,11,1,0,0,0.35081311222022443,1046,0.9422903516681695
257,1,0,46,11,0,0,0,0.644549015608804,1047,0.9431920649233544
236,2,0,46,11,0,0,0,1.2871939365403018,1048,0.9440937781785392
241,3,0,46,11,0,0,0,-0.9874213344977847,1049,0.9449954914337241
232,4,0,46,11,0,0,0,1.5716348118236063,1050,0.9458972046889089
152,5,1,46,11,0,0,0,-0.9315138560436108,1051,0.9467989179440938
191,6,1,46,11,0,0,0,0.27708869936999964,1052,0.9477006311992786
252,0,0,47,11,0,0,0,1.1585766395766857,1053,0.9486023444544635
246,1,0,47,11,0,0,0,0.7131987383979979,1054,0.9495040577096483
241,2,0,47,11,0,0,0,-0.9385749409883506,1055,0.9504057709648331
235,3,0,47,11,0,0,0,-0.7019236168245235,1056,0.951307484220018
206,4,0,47,11,0,0,0,-0.462330902731198,1057,0.9522091974752029
139,5,1,47,11,0,0,0,-0.051169281125906727,1058,0.9531109107303878
168,6,1,47,11,0,0,0,1.1469532483187364,1059,0.9540126239855726
209,0,0,48,11,0,0,0,-1.2918114375017953,1060,0.9549143372407575
219,1,0,48,11,0,0,0,0.4667015046127427,1061,0.9558160504959423
169,2,0,48,11,0,0,0,0.6099724321728704,1062,0.9567177637511272
81,3,0,48,11,1,0,0,0.5582887221577124,1063,0.957619477006312
179,4,0,48,11,0,0,0,0.46630633445798747,1064,0.9585211902614968
144,5,1,48,11,0,0,0,1.518318121319916,1065,0.9594229035166817
169,6,1,48,12,0,0,0,0.48780834336623446,1066,0.9603246167718665
240,0,0,49,12,0,0,0,0.8569592445599654,1067,0.9612263300270514
225,1,0,49,12,0,0,0,0.5635465049273675,1068,0.9621280432822362
223,2,0,49,12,0,0,0,1.7931128327282926,1069,0.9630297565374211
217,3,0,49,12,0,0,0,-1.899804739562873,1070,0.9639314697926059
230,4,0,49,12,0,0,0,1.2821085771192862,1071,0.9648331830477908
143,5,1,49,12,0,0,0,-0.26103077425343935,1072,0.9657348963029756
168,6,1,49,12,0,0,0,-0.28071686043638644,1073,0.9666366095581606
215,0,0,50,12,0,0,0,-0.9694767432264105,1074,0.9675383228133454
217,1,0,50,12,0,0,0,-1.8686954680068257,1075,0.9684400360685302
218,2,0,50,12,0,0,0,-0.3818948475575632,1076,0.9693417493237151
206,3,0,50,12,0,0,0,-0.6872933095177702,1077,0.9702434625788999
236,4,0,50,12,0,0,0,0.49417397946069497,1078,0.9711451758340848
140,5,1,50,12,0,0,0,-1.4722624729374207,1079,0.9720468890892696
159,6,1,50,12,0,0,0,1.431613179544123,1080,0.9729486023444545
218,0,0,51,12,0,0,0,0.27193384321436537,1081,0.9738503155996393
230,1,0,51,12,0,0,1,-0.24790269153078812,1082,0.9747520288548241
237,2,0,51,12,0,0,0,-0.709423349185895,1083,0.975653742110009
198,3,0,51,12,0,0,0,-0.7872070554524614,1084,0.9765554553651938
192,4,0,51,12,0,1,0,-1.1300871646206154,1085,0.9774571686203787
134,5,1,51,12,0,1,0,-0.5443607249071664,1086,0.9783588818755635
142,6,1,51,12,0,1,1,0.006050414894510384,1087,0.9792605951307484
188,0,0,52,12,0,1,0,-0.17736344944360424,1088,0.9801623083859333
127,1,0,52,12,0,1,0,-1.4144878738047868,1089,0.9810640216411182
98,2,0,52,12,1,1,0,-0.2658282410436973,1090,0.981965734896303
191,3,0,52,12,0,1,0,-0.8931829153370813,1091,0.9828674481514879
199,4,0,52,12,0,1,0,0.15988218506207735,1092,0.9837691614066727
143,5,1,52,12,0,1,0,1.8646518752041161,1093,0.9846708746618575
165,6,1,52,12,0,1,0,0.6250226941132705,1094,0.9855725879170424
235,0,0,1,12,0,1,0,-0.3131199388221572,1095,0.9864743011722272
153,1,0,1,12,0,1,0,-1.6248831734744955,1096,0.9873760144274121
